ProductID,Customer Count,Total Revenue
P32565,17,1006.0900000000007
P02291,16,1181.9700000000007
P76615,18,1087.9600000000007
P61235,18,959.0200000000007
P82222,17,950.0500000000006
P33162,18,1210.9200000000008
P39328,17,1129.0100000000007
P92449,14,966.1700000000006
P58225,17,1349.8200000000008
P19498,17,989.9900000000007
